,label,eval0,eval1,eval2,eval3,eval4,eval5,eval6,eval7,eval8,eval9,eval10,eval11,eval12,eval13,eval14,eval15,eval16,eval17,eval18,eval19,eval20,eval21,eval22,eval23,eval24,eval25,eval26,eval27,eval28,eval29,10.0-percent0,10.0-percent10,10.0-percent20,10.0-percent30,10.0-percent40,10.0-percent50,10.0-percent60,10.0-percent70,10.0-percent80,10.0-percent90,10.0-percent100
0,0,2.0000007152557373,2.0,1.9999998807907104,1.999999761581421,1.9999994039535522,1.9999982118606567,1.7071068286895752,1.408247947692871,1.0000003576278687,1.000000238418579,1.0,0.591751754283905,0.292893648147583,7.152557373046875e-07,4.76837158203125e-07,2.0828012736728851e-07,7.710666238835984e-08,5.025685823056847e-08,2.048440528312767e-08,1.2110863423231422e-08,1.0895014668221847e-08,7.921958644629967e-10,1.2056976138243459e-15,0.0,0.0,0.0,0.0,0.0,0.0,0.0,0.0,0.11487049022763768,0.14466745627100402,0.20973181242272568,0.2574031763390522,0.3897778903702632,0.43798048541415047,0.578108810824036,0.9660364766119524,1.0,1.0
1,0,2.000000238418579,2.0,2.0,2.0,2.0,1.9999998807907104,1.9999998807907104,1.8916922807693481,1.5368597507476807,1.000000238418579,1.0000001192092896,1.0000001192092896,0.9999997615814209,0.4631408452987671,0.10830879211425781,7.152557373046875e-07,5.960464477539062e-07,4.76837158203125e-07,4.76837158203125e-07,4.76837158203125e-07,3.5762786865234375e-07,2.384185791015625e-07,3.324257846770706e-08,2.980232594040899e-08,1.6457644136380623e-08,1.3344664040459975e-08,2.513250304281311e-15,0.0,0.0,0.0,0.0,0.0,0.0,0.04390840466315729,0.1521910280307655,0.2500212997547644,0.37126171510621714,0.49999751424491445,0.499998212638901,0.9999996209420181,1.0
2,0,2.0000016689300537,2.000000476837158,1.9999998807907104,1.987243413925171,1.9693442583084106,1.9428887367248535,1.8911710977554321,1.7866722345352173,1.7239768505096436,1.7071057558059692,1.5322247743606567,1.401749610900879,1.2229831218719482,1.0000005960464478,1.0000003576278687,1.000000238418579,1.000000238418579,0.9999995827674866,0.9999995231628418,0.7894862294197083,0.5927355289459229,0.45203444361686707,0.29289335012435913,0.27280017733573914,0.211398184299469,0.13527457416057587,0.060983575880527496,0.0270303376019001,3.699283297464717e-07,2.3857512587710517e-07,0.0,0.016154614571316298,0.019692692762609716,0.032611767212615474,0.03843146676400371,0.060471384037703975,0.08655093846907841,0.10030140147570804,0.11147768151593465,0.20912887313929895,0.8456821052089978
3,0,2.0000009536743164,1.9999991655349731,1.9767704010009766,1.9296674728393555,1.8958985805511475,1.8355352878570557,1.761296272277832,1.6304001808166504,1.5406132936477661,1.406995177268982,1.2547807693481445,1.000001072883606,1.0000005960464478,1.000000238418579,1.0000001192092896,0.7538409233093262,0.633999228477478,0.4507144093513489,0.3605938255786896,0.2434765100479126,0.17041276395320892,0.11151935160160065,0.04348289966583252,1.5466048353118822e-07,9.15892286457165e-08,4.8618858272675425e-08,2.841880241332903e-17,0.0,0.0,-3.5072176274297817e-09,0.026943696737748882,0.0615655662343224,0.070834971180226,0.07365325198066872,0.09295484096822307,0.11284697805593474,0.151444811208773,0.1951829052860175,0.32253085541576576,0.6453105001541009,1.0000000000000566
4,0,2.000000238418579,2.0,1.9999998807907104,1.999999761581421,1.9999996423721313,1.9999979734420776,1.9105161428451538,1.8784655332565308,1.7874042987823486,1.6419230699539185,1.5195839405059814,1.0000003576278687,1.0,1.0,1.0,0.9999998807907104,0.9999998807907104,0.9999998211860657,0.9999995827674866,0.9999991655349731,0.4804166257381439,0.35807666182518005,0.21259592473506927,0.12153530865907669,0.08948342502117157,4.76837158203125e-07,1.3675617083208635e-07,1.1920928955078125e-07,1.1920928955078125e-07,2.0430936942261724e-08,0.0,0.015367078046885953,0.029418362098528984,0.05546327806914213,0.05632931684162803,0.07727765110185492,0.10105081244320227,0.11846631092767679,0.17348836508179166,0.2500214786034463,0.9174976412438496
5,0,2.000000476837158,1.9999998807907104,1.9999998807907104,1.9999998807907104,1.9999998807907104,1.9999995231628418,1.9999992847442627,1.816496729850769,1.8090170621871948,1.3090170621871948,1.0000003576278687,1.0000001192092896,1.0000001192092896,0.999999463558197,0.690982460975647,0.19098353385925293,0.18350350856781006,8.251947747339727e-07,7.887649644544581e-07,5.351960226107622e-07,4.76837158203125e-07,3.9487576941610314e-07,2.384185791015625e-07,1.2908898838759342e-07,2.8751818703653953e-09,0.0,0.0,0.0,0.0,0.0,0.008634606324355542,0.042293585910121875,0.061919333130986014,0.10506140691116823,0.13834482017091912,0.1657275213826105,0.25002137723656015,0.48975045114920196,0.7889437112641691,0.9939823001153363,1.0
6,0,2.000000476837158,1.9918538331985474,1.9404819011688232,1.8632129430770874,1.8164969682693481,1.798459768295288,1.6158864498138428,1.4214125871658325,1.3340277671813965,1.2229821681976318,1.0000009536743164,1.0000005960464478,1.0000001192092896,1.0,1.0,0.8305774927139282,0.7380712628364563,0.561108410358429,0.3576284646987915,0.23626722395420074,0.18350350856781006,0.059662990272045135,0.02836385928094387,2.384185791015625e-07,2.384185791015625e-07,1.0375975989518338e-07,5.7658574803554075e-08,5.534758429348585e-08,2.8298629217715643e-08,1.470685262461302e-08,0.0,0.012392442039893594,0.03461658805495385,0.05310281871454989,0.06121517885295735,0.07227540182556953,0.10894926768664974,0.12931262664227883,0.5276606140725613,0.847148332439021,0.972184624189675
7,0,2.0000007152557373,2.0,2.0,1.9999998807907104,1.9999998807907104,1.9999992847442627,1.9999991655349731,1.499999761581421,1.4999995231628418,1.0000004768371582,1.0000003576278687,0.5000002384185791,0.49999967217445374,7.152557373046875e-07,3.5762786865234375e-07,3.5762786865234375e-07,1.6710318107016064e-07,1.5211887216537434e-07,5.775022060561241e-08,1.9985481927833936e-15,1.161614631117443e-15,1.0635474858249451e-15,2.9266367403153325e-16,8.138266749184206e-17,6.393312951171922e-24,7.18456222731054e-31,1.401298464324817e-45,0.0,0.0,0.0,0.0,9.55692385426229e-15,0.0022460908135762533,0.012069213260875823,0.019807236116585747,0.16669558321253156,0.2765450524559413,0.4999982294975805,0.7239135521672105,0.9999999549391256,1.0000000887072378
8,0,2.000000238418579,2.000000238418579,2.0,1.9999998807907104,1.9333882331848145,1.7484073638916016,1.5773484706878662,1.5233837366104126,1.5000008344650269,1.3947833776474,1.0000001192092896,1.0000001192092896,0.6052164435386658,0.5,0.47661614418029785,0.42264920473098755,0.251592755317688,0.06661196053028107,2.265511938048803e-07,1.0746548184670246e-07,3.72744608512221e-08,2.1935688820917676e-08,8.189594780105836e-09,5.7991011992442054e-09,5.258400865345431e-15,0.0,0.0,0.0,-1.610274748388245e-16,-2.035877244566109e-09,0.0640143914287699,0.0746173934609941,0.10107292230789452,0.1340358478044314,0.14918948737849125,0.19558484081994076,0.2776590830341194,0.3843108478039131,0.6622532689400551,0.9999998333152001,1.0
9,0,2.0000009536743164,2.0,2.0,2.0,2.0,1.9999998807907104,1.999999761581421,1.9999995231628418,1.999998688697815,1.9999985694885254,1.9009687900543213,1.6234896183013916,1.2225210666656494,1.0000001192092896,0.7774790525436401,0.37651050090789795,0.09903144836425781,1.1888553217431763e-06,7.152557373046875e-07,7.152129910537042e-07,4.76837158203125e-07,3.5762786865234375e-07,3.5762786865234375e-07,1.566185972023959e-07,1.1086201823218289e-07,5.741027564454271e-08,1.5930318397749943e-08,1.1968495527980849e-08,1.1025931279107226e-08,1.3054257483747621e-14,0.0,0.10885412982696195,0.15918592621134067,0.19190254932239997,0.2476194894841157,0.2952592520550752,0.42548006570782293,0.4498800905632917,0.49999771894508305,0.5099515374271728,0.9710323490521656
10,0,2.0000014305114746,2.0000009536743164,2.0,2.0,1.9999995231628418,1.9999994039535522,1.9999985694885254,1.9999985694885254,1.8164960145950317,1.7071062326431274,1.5000001192092896,1.5,1.4999998807907104,1.499999761581421,1.4082485437393188,1.0000003576278687,0.9999998807907104,0.9999991059303284,0.591751217842102,0.5000001788139343,0.4999999701976776,0.49999967217445374,0.49999961256980896,0.29289308190345764,0.18350332975387573,2.217348082922399e-07,1.7114780348492786e-07,8.331736722766436e-08,6.441844391247287e-08,5.425763660582561e-08,0.0,0.002246092390294749,0.028359754942129306,0.032093896127771554,0.058562072995898704,0.06623219330526955,0.08880416116798429,0.15623047910279703,0.161873862852911,0.314958242754514,0.5520796847978392
11,0,2.000000238418579,2.0,2.0,1.9999996423721313,1.9999994039535522,1.9999979734420776,1.9190104007720947,1.742261290550232,1.5773499011993408,1.5000009536743164,1.3232141733169556,1.000000238418579,1.0,0.9999997019767761,0.9999997019767761,0.9999991655349731,0.6767856478691101,0.4999994933605194,0.4226498305797577,0.2577381730079651,0.0809895470738411,3.5762786865234375e-07,2.8296548748585337e-07,1.4016769966929132e-07,8.965677977812447e-08,7.618996988867366e-08,5.192676155729714e-08,3.629354239365057e-08,2.7309184247314988e-08,2.2324334381096378e-08,0.0,0.02605744762081529,0.05366049233808555,0.06666472036148316,0.09126147218252609,0.11958793630543241,0.18162198134104746,0.29641554993605246,0.499998212638901,0.6382657629682724,0.7385512499826081
12,0,2.0000007152557373,2.000000238418579,2.0,1.9999998807907104,1.999999761581421,1.9999995231628418,1.9999994039535522,1.9999992847442627,1.8577306270599365,1.7071071863174438,1.5140990018844604,1.0000017881393433,1.0000008344650269,1.0000001192092896,0.9999999403953552,0.9999997615814209,0.9999995827674866,0.9999994039535522,0.48590120673179626,0.29289329051971436,0.1422690898180008,4.76837158203125e-07,3.5762786865234375e-07,2.761238704351854e-07,1.0785976201077574e-07,6.434049737435998e-08,5.933958391324268e-08,5.223168741963491e-08,2.1676819846856786e-16,0.0,0.0,0.0,0.03644548298053212,0.08533205706793279,0.10064350515402914,0.1534339976960123,0.17933570421493378,0.24775212814539993,0.4364134964351154,0.49940993712278353,1.0
13,0,2.0000007152557373,2.000000476837158,2.0,2.0,2.0,1.9999998807907104,1.9999998807907104,1.9999992847442627,1.999998688697815,1.8164960145950317,1.500000238418579,1.499999761581421,1.0000003576278687,1.0,0.9999993443489075,0.5000000596046448,0.49999967217445374,0.18350350856781006,9.602293857824407e-07,6.876009592815535e-07,4.76837158203125e-07,3.5762786865234375e-07,3.5762786865234375e-07,1.7881393432617188e-07,9.466158701343375e-08,7.388828748844389e-08,5.328248420255477e-08,1.5049518964360686e-08,6.540432195834001e-09,2.7729418179426517e-16,0.0,0.0011230475843257476,0.07091977504786509,0.10535326738791122,0.17078175263957285,0.2006711648668189,0.3444144916120283,0.4012967352213417,0.4999981957802215,0.71261960502475,0.9999982118622555
14,0,2.000000238418579,2.0,2.0,1.9999998807907104,1.9999995231628418,1.9999990463256836,1.9999990463256836,1.7071068286895752,1.5000001192092896,1.5000001192092896,1.0000001192092896,0.9999998211860657,0.9999994039535522,0.5000001788139343,0.4999997913837433,0.29289329051971436,3.7092468119226396e-07,1.9383315930099343e-07,1.2334444932093902e-07,9.98597897705622e-08,7.73814576859877e-08,7.044727112770488e-08,6.558639142895117e-08,2.6128873287234455e-08,2.494803652552946e-08,2.1161088881171963e-08,1.4854786734019854e-08,1.2464407284085155e-08,1.0651437617656932e-14,2.964619153987216e-25,0.0,0.0011457443527936547,0.013925049139603617,0.16551577184549912,0.20234811085562399,0.3276625275848609,0.3463505883247739,0.45580832373525504,0.4959283678721442,0.8652662218806957,0.999999880790714
15,0,2.000000476837158,2.000000238418579,1.9999998807907104,1.9999995231628418,1.9999992847442627,1.9999990463256836,1.999998688697815,1.8660252094268799,1.783808708190918,1.368297815322876,1.0000003576278687,0.9999995231628418,0.9999992847442627,0.6317024230957031,0.21619078516960144,0.13397462666034698,3.0599767342209816e-07,1.5684690879425034e-07,7.823200576240197e-08,7.190337214524334e-08,6.361278792610392e-08,4.508365236688405e-08,3.8377141464707165e-08,1.6280459647077805e-08,4.8949004849419e-09,4.661027119823302e-09,9.072262848597431e-16,0.0,-2.916913792597325e-22,-6.596542737008506e-22,0.07132128752667988,0.09183494806980672,0.1458578880228439,0.18258059211075217,0.211104615640188,0.2311303761739389,0.31826409832292984,0.4080491664490512,0.5785420640829155,0.8554991054246945,1.0000001272445944
16,0,2.000000476837158,2.000000238418579,1.9999988079071045,1.98445463180542,1.9523206949234009,1.9172101020812988,1.841436505317688,1.7922534942626953,1.7071059942245483,1.5735416412353516,1.497517704963684,1.4667658805847168,1.2735038995742798,1.000001072883606,0.9999999403953552,0.9999997615814209,0.7454017400741577,0.5326864123344421,0.4801332950592041,0.4105403423309326,0.2928931713104248,0.21757832169532776,0.17641587555408478,0.08604839444160461,0.05219143629074097,3.0960291041992605e-07,9.779523679753765e-08,6.250733974866307e-08,5.98001861362718e-08,5.246371870271105e-08,0.0,2.775556105402562e-17,0.05619470744859885,0.07221919004408607,0.07943047711000155,0.09558278563503077,0.11558326701183054,0.1457747480562953,0.1960184064123082,0.32264260063304895,0.6034229867300445
17,0,2.0000007152557373,1.9999996423721313,1.9999991655349731,1.9999990463256836,1.9999984502792358,1.935310959815979,1.7476139068603516,1.7071069478988647,1.5541707277297974,1.5000008344650269,1.408247947692871,1.3041276931762695,1.0000001192092896,0.9999998807907104,0.6958720088005066,0.5917514562606812,0.49999988079071045,0.4458288252353668,0.29289332032203674,0.2523854970932007,0.06468876451253891,2.3069252108598448e-07,1.5222030924633145e-07,5.308528017167191e-08,1.1060626528981276e-14,0.0,0.0,0.0,0.0,0.0,0.0,0.023039264226667706,0.04814772954945543,0.0568348849271141,0.06053622732550204,0.08067765465240664,0.11259376327965526,0.14971083943408622,0.29609079490030676,1.0,1.0
18,0,2.000000238418579,2.0,1.999999761581421,1.999998688697815,1.9616000652313232,1.914174199104309,1.8821394443511963,1.8010636568069458,1.7236957550048828,1.5006197690963745,1.3969125747680664,1.3211240768432617,1.0,0.9999998807907104,0.9999998807907104,0.9999995827674866,0.6788766384124756,0.603087306022644,0.49938058853149414,0.2763042449951172,0.1989363431930542,0.11785924434661865,0.08582568168640137,0.03839981555938721,2.0363609110063408e-07,1.3212815019869595e-07,1.1358588380971923e-07,2.708384272409603e-08,1.7720921619002183e-08,7.396812939930442e-09,0.0,0.04696732038106214,0.08295966852283455,0.09927380641954137,0.11193383700685311,0.1188274760723267,0.15148276703123464,0.2152628067992268,0.27081937598466316,0.4999999365584639,0.9999996378648036
19,0,2.000001907348633,2.000000238418579,1.9999998807907104,1.9999998807907104,1.9999994039535522,1.9999991655349731,1.9999988079071045,1.8916914463043213,1.7287135124206543,1.5368590354919434,1.5000001192092896,1.0,0.9999998807907104,0.9999998211860657,0.9999991059303284,0.7712869644165039,0.4631403684616089,0.1083076149225235,2.5120931468336494e-07,2.2577292213554756e-07,1.3590491221293632e-07,1.3015178979003394e-07,9.780374909951206e-08,5.368552535855997e-08,4.172017753489854e-08,3.9773496496309235e-08,1.941198490840179e-08,1.506378488613791e-08,7.404965529644869e-09,1.7915395344028694e-16,0.0,8.521664360554644e-05,0.09158976085186468,0.12546410644681444,0.14652028944469292,0.184651287739978,0.24420858081080749,0.36925719372964166,0.48837187027096396,0.8112420776064913,0.9881368049804958
20,0,2.0000007152557373,2.0,2.0,1.9999998807907104,1.9999996423721313,1.9999996423721313,1.964098572731018,1.832095742225647,1.7478092908859253,1.5128949880599976,1.3851522207260132,1.2723419666290283,1.0,0.9999998807907104,0.7276570796966553,0.6148470640182495,0.487104207277298,0.2521902024745941,0.16790303587913513,0.03590109571814537,3.5762786865234375e-07,3.246304629556107e-07,1.2387528158797068e-07,1.1654759646262391e-07,1.1349266770821487e-07,1.0591283228222892e-07,3.253450131524005e-08,3.1993621973924746e-08,1.3625523820337548e-08,5.251663992567046e-09,0.0,0.0001391939783272228,0.04298056799489762,0.08141079364829766,0.11619041596222981,0.14939078573042852,0.23390073521959964,0.4165995736125042,0.46472872560568124,0.6101797711097727,0.9106806920586861
21,0,2.0,2.0,2.0,2.0,2.0,2.0,1.9999998807907104,1.0000001192092896,1.0,4.76837158203125e-07,4.76837158203125e-07,4.76837158203125e-07,3.5762786865234375e-07,3.5762786865234375e-07,3.5762786865234375e-07,3.5762786865234375e-07,1.7881393432617188e-07,7.854017525232848e-08,4.0145025081983476e-08,8.089294242319498e-15,1.617089657844498e-16,0.0,0.0,0.0,0.0,0.0,0.0,0.0,0.0,0.0,0.0,0.0,0.0,0.2500215083893431,0.49999772982519997,0.4999981957802215,0.49999828007361896,0.9999990574631942,1.0,1.0,1.0
22,0,2.000000238418579,1.9999985694885254,1.982053518295288,1.9305726289749146,1.844279170036316,1.7848925590515137,1.7071069478988647,1.6986180543899536,1.5800076723098755,1.5382909774780273,1.408402681350708,1.334516167640686,1.1973631381988525,1.0000003576278687,1.0,0.9999997615814209,0.8404154181480408,0.6884558796882629,0.5961644053459167,0.4671552777290344,0.436470627784729,0.3017759621143341,0.2928933799266815,0.17763477563858032,0.1350741982460022,0.0578538179397583,5.898518793401308e-07,2.5638746592449024e-07,1.486843643760949e-07,1.2003985716546595e-07,0.0,0.014835571922355848,0.02777594129796211,0.033115197897902654,0.04214479933073098,0.05250913965124315,0.06537568502083062,0.09512872441383582,0.17607424591011528,0.39065722638048916,0.7920271231245728
23,0,2.0000011920928955,2.0000007152557373,2.0,1.9999998807907104,1.9999994039535522,1.9999992847442627,1.9999992847442627,1.7071069478988647,1.499999761581421,1.000001072883606,1.0000001192092896,0.9999998807907104,0.9999996423721313,0.49999967217445374,0.2928934097290039,2.717392248996475e-07,2.485435288690496e-07,1.1295534818600572e-07,7.639650334567705e-08,4.688347843284646e-08,4.544409293316676e-08,2.847946234396659e-08,2.6034950195708007e-08,2.077970151503905e-08,1.023309792458349e-08,4.441376155739363e-09,4.248620122382363e-09,0.0,0.0,0.0,0.0011230464367238346,0.002418034302118583,0.10262950566040882,0.12984356699052066,0.17644665106906762,0.2358615119267874,0.38494639395957625,0.5447398648020285,0.773817788341403,0.8950733705444793,1.0
24,0,2.0,1.9999998807907104,1.969139814376831,1.9357657432556152,1.9010149240493774,1.7351336479187012,1.649592399597168,1.5317332744598389,1.4598736763000488,1.0000007152557373,1.0000004768371582,1.0,0.9999997019767761,0.9999992251396179,0.9999990463256836,0.5401259660720825,0.4682658016681671,0.35040780901908875,0.2648659944534302,0.09898625314235687,0.06423433870077133,0.03086007572710514,3.5762786865234375e-07,9.734991124332737e-08,6.888328130116861e-08,4.757678340183702e-08,1.3077895211210944e-08,1.147837025428089e-08,2.2724925180899456e-16,-1.2233455982199484e-16,0.017353283319813288,0.07145416882093253,0.0727744970770989,0.09324569249979858,0.11736087450983601,0.15767892136179118,0.18410335132791,0.3139162537567336,0.4333657208489683,0.5603959891986283,0.9999999075439683
25,0,2.0000016689300537,2.0000014305114746,2.0000009536743164,2.000000476837158,2.0,2.0,1.9999996423721313,1.999998927116394,1.9999980926513672,1.7637629508972168,1.7071068286895752,1.000000238418579,1.0000001192092896,1.0,0.9999996423721313,0.9999994039535522,0.999998927116394,0.292893648147583,0.2362372875213623,1.0891847068705829e-06,7.152557373046875e-07,2.9654842137460946e-07,2.4873753545762156e-07,2.0895829777600738e-07,1.0032115227431859e-07,7.697656201344216e-08,5.145764703229361e-08,4.36801883552107e-08,3.382466928769645e-08,2.697710144161647e-08,0.0,2.853550851023802e-14,0.04432979334610109,0.1228547637403091,0.15576284609728755,0.23331811930156277,0.2651374301928112,0.3103492213091838,0.3892484318459957,0.5131479651588994,0.8977976741756656
26,0,2.000000476837158,2.000000476837158,2.000000238418579,2.0,2.0,2.0,1.9999998807907104,1.9999995231628418,1.9999994039535522,1.9999988079071045,1.8763128519058228,1.5583075284957886,1.4999996423721313,1.2950164079666138,0.9999996423721313,0.7049829363822937,0.5000001192092896,0.4416922628879547,0.12368696928024292,7.152557373046875e-07,4.76837158203125e-07,2.384185791015625e-07,2.384185791015625e-07,2.384185791015625e-07,1.535558169507567e-07,6.470602897934441e-08,2.0675571477113408e-08,7.305040128358087e-09,1.8461143724834983e-09,1.57687862767375e-09,0.0,4.949202136274045e-14,0.03235517419064779,0.06402866438941512,0.09020211165659851,0.1541819392259549,0.2832459099994872,0.4000465956590095,0.47377243659200463,0.6583899901256444,0.9060607995383968
27,0,2.000000476837158,2.000000238418579,2.0,2.0,1.9999998807907104,1.9999996423721313,1.8090158700942993,1.7071077823638916,1.5000004768371582,1.3090170621871948,1.0000003576278687,1.0,1.0,0.9999999403953552,0.6909825801849365,0.5000001788139343,0.2928929328918457,0.190982848405838,7.152557373046875e-07,7.152557373046875e-07,4.76837158203125e-07,2.384185791015625e-07,1.1920928955078125e-07,7.367361831711605e-08,3.4602262388716554e-08,2.465185389155522e-08,5.021298932206264e-09,0.0,0.0,0.0,7.485476617352528e-15,0.023239941661359734,0.04580633441602899,0.0702784240138675,0.11972726882718532,0.12503313079994272,0.25470859913741706,0.35228307137897036,0.4999964076505382,0.7175418383205835,1.0
28,0,2.0000009536743164,2.000000238418579,2.0,1.9999995231628418,1.9330836534500122,1.8345134258270264,1.7247700691223145,1.670469045639038,1.5000001192092896,1.499999761581421,1.39006507396698,1.1817715167999268,1.0000009536743164,0.9999998211860657,0.999999463558197,0.9999991655349731,0.813401460647583,0.579393208026886,0.5039650797843933,0.5000001788139343,0.49999967217445374,0.20695152878761292,0.16161468625068665,4.76837158203125e-07,1.826056177378632e-07,8.866372525062616e-08,6.158968801628362e-08,4.4215830996563454e-08,4.2302815472794464e-08,3.0013904250836276e-08,0.0,7.496222623434274e-14,0.0020214825231447218,0.024078281012336007,0.05986628542283376,0.07272326196161828,0.0992856658052641,0.13962989096469175,0.25596374788851073,0.4715170852352586,0.9403135434097402
29,0,2.000000238418579,2.000000238418579,2.000000238418579,2.0,2.0,2.0,2.0,1.9999995231628418,1.9999991655349731,1.999998688697815,1.5,1.4999995231628418,1.4999991655349731,1.0000001192092896,0.49999991059303284,0.4999997615814209,0.4999997019767761,7.152557373046875e-07,4.76837158203125e-07,3.5762786865234375e-07,2.384185791015625e-07,2.384185791015625e-07,2.384185791015625e-07,1.0203294209532032e-07,6.82093741488643e-08,1.643662272954316e-08,1.3118449437854451e-08,1.097130564176041e-08,7.216282682520614e-09,4.108556606041702e-09,0.0,0.002246091813449455,0.07480431987712781,0.1310642435484085,0.14134782873075236,0.2616079611358804,0.38766509183947906,0.4380926715664047,0.4739373315704505,0.6458356212365715,0.7084928554506706
30,0,2.0,2.0,2.0,2.0,1.9999998807907104,1.999998927116394,1.9999988079071045,1.92745840549469,1.833357572555542,1.786070466041565,1.5030856132507324,1.272639513015747,1.0000001192092896,1.0,0.9999992251396179,0.7273600697517395,0.496913880109787,0.2139289230108261,0.166642427444458,0.07254108041524887,4.76837158203125e-07,4.76837158203125e-07,7.860035111662e-08,6.261255691697443e-08,2.706974910893223e-08,2.5821076832244216e-08,1.8434597848226986e-08,1.7431275978196936e-08,1.1203788119473757e-08,1.7165615014008988e-15,0.0,0.016451578073766265,0.0644209067003329,0.07617115526910155,0.09317880173540849,0.1238145168820301,0.20848563181281407,0.2499541220719116,0.42194189232227364,0.7227195031300909,0.9999998071826987
31,0,2.000000476837158,2.000000476837158,2.0,2.0,2.0,2.0,1.9999998807907104,1.999999761581421,1.9999995231628418,1.4999992847442627,1.0000004768371582,1.0000003576278687,1.0000001192092896,0.5000003576278687,4.76837158203125e-07,4.76837158203125e-07,4.40701114712283e-07,2.5066538000828587e-07,1.5875360759309842e-07,1.1398302746101763e-07,5.5724974856730114e-08,2.309476343498318e-08,2.275254429306983e-09,5.097460994973879e-11,4.2794712218352515e-11,3.905697987249823e-11,3.5676375522981744e-15,2.619345363150089e-16,1.0317309009063922e-18,1.93729202633427e-23,0.0,8.255234691099329e-05,0.008928276076181126,0.08499108552781842,0.16314654828163808,0.2446487381078765,0.33185720938116137,0.49568430673626485,0.531438270009789,0.9025611056388773,0.9974615098453466
32,0,2.000000476837158,1.9999998807907104,1.999999761581421,1.9999996423721313,1.9999983310699463,1.9999977350234985,1.8337827920913696,1.7637630701065063,1.7637624740600586,1.707106113433838,1.5773500204086304,1.499999761581421,1.4240347146987915,1.0000009536743164,1.0000008344650269,1.0000004768371582,1.000000238418579,0.9999997615814209,0.9999996423721313,0.5759644508361816,0.4999997913837433,0.4226495623588562,0.29289281368255615,0.23623742163181305,0.23623734712600708,0.16621701419353485,2.6327171553930384e-07,1.201477743961732e-07,6.659513474005507e-08,6.17913116229829e-08,0.0,0.007018341049587787,0.0169643663670234,0.024093668787654777,0.03488517949151239,0.040605234383371366,0.04955939124570585,0.07644667593884259,0.11776126553954497,0.2661126758129179,0.9184377637115825
33,0,2.0000007152557373,2.000000238418579,1.9999998807907104,1.9999998807907104,1.9999998807907104,1.999999761581421,1.9999996423721313,1.999998688697815,1.9406198263168335,1.855902910232544,1.8090168237686157,1.6261662244796753,1.4657917022705078,1.3090165853500366,1.1536732912063599,1.0000001192092896,1.0,0.8463267683982849,0.69098299741745,0.5342079401016235,0.37383341789245605,0.19098308682441711,0.1440967172384262,0.05937926843762398,4.76837158203125e-07,2.0936585087838466e-07,1.2146415429015178e-07,1.1298509150492464e-07,1.1227620433373886e-07,6.333021218551949e-08,0.0,1.830667802479301e-24,6.183464809041285e-10,0.026716348329687,0.04389089420573415,0.07179773801144779,0.10472908065493411,0.17056015343682698,0.23357841730533652,0.33434091779400243,0.6381847109687719
34,0,2.000000476837158,2.000000476837158,2.000000238418579,2.0,2.0,2.0,2.0,2.0,1.9999998807907104,1.9999990463256836,1.5773504972457886,1.500000238418579,1.5,1.0000004768371582,1.000000238418579,1.0,0.9999999403953552,0.9999998807907104,0.5000001788139343,0.49999961256980896,0.4226498603820801,4.76837158203125e-07,4.76837158203125e-07,4.76837158203125e-07,3.5762786865234375e-07,3.5762786865234375e-07,3.5762786865234375e-07,3.455059527368576e-07,2.384185791015625e-07,2.3203638477298227e-07,0.0,4.562774980334133e-16,0.001608502495499612,0.013078332065849142,0.0240774134077993,0.12310448215008243,0.12684760990840752,0.25183560782115877,0.4999976840295789,0.49999828007361896,0.9437156325498377
35,0,1.999999761581421,1.999999761581421,1.9999988079071045,1.9999985694885254,1.9770516157150269,1.8983025550842285,1.7855868339538574,1.7071069478988647,1.692312240600586,1.509912371635437,1.3227821588516235,1.0000004768371582,1.0000003576278687,1.0000001192092896,0.9999998807907104,0.9999995231628418,0.6772173643112183,0.49008744955062866,0.3076876997947693,0.29289352893829346,0.2144130915403366,0.10169748216867447,0.02294713445007801,2.384185791015625e-07,1.1920928955078125e-07,1.0526694893542299e-07,9.8409813631406e-08,7.888048969562078e-08,4.475673875958819e-08,3.073948562359874e-08,0.0,0.010092424499826563,0.05046316279602185,0.06481915783375902,0.09471677997972171,0.12041394873482798,0.15889164137148518,0.17309705110445928,0.19105403616013916,0.5602316289317456,0.92449509302052
36,0,2.0000009536743164,2.0000007152557373,1.999998927116394,1.950692892074585,1.9346346855163574,1.7071067094802856,1.7071055173873901,1.5356656312942505,1.5,1.2171454429626465,1.0000003576278687,0.9999998807907104,0.6640942096710205,0.6016733646392822,0.5,0.29289329051971436,0.2928932011127472,0.09609124809503555,1.2810100713522843e-07,8.197797995990186e-08,4.7657714219440095e-08,3.5022665656470053e-08,9.565138014977492e-09,8.942620866037032e-09,0.0,-7.904112377808246e-23,-5.41087505442244e-16,-6.52339195014788e-16,-1.2738701076720426e-15,-2.3905641463768668e-15,0.0041786841755619515,0.05158834934874634,0.06921851033317385,0.08761553226262425,0.10480100055146835,0.14893572838425004,0.26491324002771516,0.3370629932400038,0.8671198805731071,0.9999999679061478,1.0000001429572696
37,0,2.0000011920928955,1.9999998807907104,1.9999996423721313,1.9567203521728516,1.831562876701355,1.5807394981384277,1.4999998807907104,1.3124041557312012,0.9999998211860657,0.9999990463256836,0.9999987483024597,0.6875954866409302,0.5000001192092896,0.4192597270011902,0.16843611001968384,0.043280210345983505,1.3575649404629075e-07,1.1803856381220612e-07,3.293802919301925e-08,2.9526649569788788e-08,2.6539055397734046e-08,2.220304295974529e-08,1.5752330995155717e-08,4.89102092160465e-09,2.4206039580930037e-15,1.2207269429239526e-16,1.487918389862643e-22,4.058176913318074e-23,0.0,0.0,0.0,0.05126382109956376,0.07042232053786977,0.07600056543920372,0.12537112735930836,0.13732954317741253,0.3096687038671767,0.4444528037331554,0.6348289779541961,0.8114838942667895,1.0
38,0,2.0000014305114746,2.0000009536743164,2.000000238418579,2.0,1.9999995231628418,1.9999992847442627,1.999998927116394,1.9999977350234985,1.7349637746810913,1.5773504972457886,1.5,1.3927738666534424,1.0000001192092896,0.9999999403953552,0.999999463558197,0.6072254180908203,0.49999967217445374,0.42264994978904724,0.26503556966781616,3.5762786865234375e-07,3.031319977253588e-07,1.7706750554680184e-07,1.5700126709816686e-07,9.696320546481729e-08,4.658416230540752e-08,4.240984452508201e-08,1.2713317509849276e-08,3.632732881327615e-15,7.321390689481221e-16,0.0,0.0,0.0011230475514343219,0.030645535320969794,0.06109700718281833,0.09073593518192366,0.23546535708932828,0.2683486275813634,0.3100345821018991,0.4767321122197121,0.9750103328144888,1.0
39,0,2.000000238418579,2.0,2.0,1.999999761581421,1.9434162378311157,1.9279361963272095,1.8048902750015259,1.7071068286895752,1.707106590270996,1.534747838973999,1.4896221160888672,1.4189331531524658,1.196854829788208,1.0,0.9999997615814209,0.803145170211792,0.5810673236846924,0.5103778839111328,0.465252161026001,0.2928934395313263,0.2928926944732666,0.19511020183563232,0.07206416130065918,0.056584835052490234,1.5091582099557854e-06,3.9799306250642985e-07,2.5691701921459753e-07,7.880203156673815e-08,3.5987511637358693e-08,2.7968585669668755e-08,0.0,0.04820275169939413,0.06791638583029072,0.07840168684022274,0.09925178634638039,0.1249512113797733,0.13555056065713572,0.18888032725546133,0.2231377259789904,0.45473065238367993,0.8007283033738378
40,0,2.0000014305114746,2.000000476837158,2.000000238418579,2.000000238418579,2.0,1.9999998807907104,1.9999998807907104,1.9999994039535522,1.9173369407653809,1.6391355991363525,1.5000003576278687,1.5,1.499999761581421,1.0000007152557373,1.0000001192092896,0.9999994039535522,0.5000002980232239,0.5000001192092896,0.4999999701976776,0.3608649969100952,0.0826634094119072,4.76837158203125e-07,2.384185791015625e-07,1.649041223572567e-07,6.312019706911087e-08,4.458419766706356e-08,3.768513323620937e-08,2.9723196348641068e-08,2.871782278646151e-08,9.966846903353144e-09,0.024704242775211088,0.040276845163892565,0.06017486050711078,0.07999954768295191,0.08232872985615383,0.1491637594515653,0.21993686299973997,0.25002157094115596,0.3511387371579883,0.5063972944185167,0.9317823125782001
41,0,2.000000476837158,2.000000238418579,2.0,1.9999995231628418,1.9999994039535522,1.999998927116394,1.9613014459609985,1.8497929573059082,1.7820159196853638,1.6082475185394287,1.5462228059768677,1.4300998449325562,1.0000009536743164,1.0000003576278687,0.9999997615814209,0.9999995827674866,0.9999990463256836,0.9999988079071045,0.5698995590209961,0.45377668738365173,0.391752153635025,0.21798376739025116,0.15020634233951569,0.038698114454746246,2.7460328055894934e-07,1.6436428040833562e-07,1.2887358025182039e-07,7.357296993859563e-08,6.394080287464021e-08,4.040859380438633e-08,0.0,0.031109809011728655,0.04400708770035034,0.05419148362222358,0.06165049522520209,0.10427460450240661,0.12248731214744972,0.18889764694982006,0.24093718573532766,0.4301866682644956,0.8407442077984928
42,0,2.0000007152557373,2.0,2.0,1.9999998807907104,1.9999995231628418,1.9999991655349731,1.999998688697815,1.8967082500457764,1.8441590070724487,1.5000005960464478,1.421607494354248,1.0000003576278687,1.000000238418579,1.0,0.9999996423721313,0.9999995827674866,0.9999995231628418,0.9999992847442627,0.5783926248550415,0.49999967217445374,0.15584111213684082,0.10329163074493408,3.5762786865234375e-07,3.435418420849601e-07,1.7746211256053357e-07,1.6449885720248858e-07,5.62895365874283e-08,4.571343126258398e-08,1.7593990264686e-08,1.5354089555330575e-08,0.0,0.001026929275073167,0.04129161758562565,0.0840372094754954,0.11551122633567054,0.14748173369189296,0.17203793414193552,0.22394305462814043,0.3212933699840312,0.4955336736126689,0.7104687306606396
43,0,2.0000007152557373,2.000000476837158,2.000000238418579,2.0,2.0,1.999999761581421,1.9999995231628418,1.999997615814209,1.8916922807693481,1.5368598699569702,1.5000003576278687,1.000000238418579,0.9999998807907104,0.9999998211860657,0.9999997019767761,0.5000002980232239,0.46314072608947754,0.10830879211425781,7.152557373046875e-07,3.5762786865234375e-07,3.5762786865234375e-07,2.9035300030955113e-07,1.5440154754742252e-07,4.6420879584729846e-08,3.353770239300502e-08,2.5124805347331858e-08,1.4131416037344025e-09,2.638493654653516e-15,2.1829349834229196e-15,5.406982540983113e-17,0.0,0.0014165913957751547,0.013939656044340252,0.06656551675404414,0.10561240257576111,0.158757111466499,0.22489818638366652,0.38236719223069404,0.4999981114869091,0.6135260084474667,0.9999995283012554
44,0,2.000000476837158,2.000000238418579,2.0,2.0,2.0,2.0,2.0,1.9999998807907104,1.999999761581421,1.9999996423721313,1.8226648569107056,1.5685276985168457,1.0000004768371582,1.0000003576278687,1.0000001192092896,0.43147337436676025,0.17733633518218994,1.5575194538541837e-06,1.0081510026793694e-06,9.756524832482683e-07,8.711310783837689e-07,6.746903977727925e-07,3.5762786865234375e-07,2.384185791015625e-07,7.944894520051093e-09,1.0594167765276552e-09,2.6502252727312247e-16,1.0536169377257847e-16,2.789215892268279e-23,0.0,0.0,0.0765898671931538,0.10223783775382002,0.18125199303738415,0.19860162662656256,0.22158724233442795,0.2538814201193991,0.41093787346068983,0.4838520498888076,0.629598787819608,0.9999997615823303
45,0,2.0000009536743164,2.0000007152557373,2.000000476837158,2.000000238418579,1.9999998807907104,1.9999994039535522,1.8468339443206787,1.8337832689285278,1.7071071863174438,1.4240357875823975,1.3408865928649902,1.0000007152557373,1.0000003576278687,1.000000238418579,1.0000001192092896,0.9999998211860657,0.6591125726699829,0.5759645104408264,0.2928931415081024,0.16621699929237366,0.1531650871038437,7.152557373046875e-07,3.5762786865234375e-07,2.682409103726968e-07,8.987233002244466e-08,7.588641892652959e-08,5.3649294784463564e-08,4.096653327678723e-08,3.518198354868218e-08,1.241708957877563e-10,0.0,0.03817975795946414,0.06701439539905828,0.08498958716963673,0.11775925556448394,0.14499070548435722,0.16641769410824375,0.17628995019504612,0.49999713976091187,0.7006538721556287,0.8502866701355608
46,0,2.0000016689300537,2.0000007152557373,2.0,2.0,1.9999995231628418,1.9448438882827759,1.7637627124786377,1.73562490940094,1.7071079015731812,1.6511763334274292,0.9999999403953552,0.9999999403953552,0.9999996423721313,0.9999995827674866,0.999999463558197,0.9999993443489075,0.5448712110519409,0.2928934097290039,0.2362375259399414,0.12348170578479767,4.76837158203125e-07,3.0937400197217357e-07,2.384185791015625e-07,1.339521844556657e-07,5.2910429815256066e-08,3.2171161734595444e-08,2.753137096078717e-08,2.6750420545340603e-08,2.3993372622044262e-08,6.654294892882717e-10,0.0,7.820918610603678e-11,0.0520206171268351,0.07347535535370582,0.08996707477897431,0.1405352665286181,0.22825810750448824,0.36066633732360215,0.4625646743741128,0.6057583083553262,0.9246726647400312
47,0,2.0000011920928955,2.000000476837158,1.9999996423721313,1.9999994039535522,1.9477272033691406,1.8507634401321411,1.6499122381210327,1.592208981513977,1.5773507356643677,1.4185831546783447,1.2619013786315918,1.0000005960464478,1.0000003576278687,0.7380979061126709,0.5814167261123657,0.4226498007774353,0.4077901840209961,0.3500877022743225,0.1492365449666977,0.05227266252040863,1.638735795950197e-07,7.28982456621452e-08,5.217005494273508e-08,1.5475736248049543e-08,1.4253600966185331e-08,1.3391730391276724e-08,7.586644201751369e-09,3.1297950897624105e-09,3.264193663477156e-16,0.0,0.0,0.022525650962115486,0.05472501592341891,0.07092110665933074,0.09672093589847991,0.1412447046610264,0.16792169206620638,0.2967222492804539,0.48344270653896915,0.7796364821899472,1.0
48,0,2.000000238418579,1.9999998807907104,1.9999995231628418,1.9999995231628418,1.9922298192977905,1.9345412254333496,1.9031733274459839,1.8387948274612427,1.7445242404937744,1.5192782878875732,1.5,1.499999761581421,1.4999996423721313,1.4485790729522705,1.364060640335083,1.2127203941345215,1.0000001192092896,0.9999999403953552,0.9999996423721313,0.9999993443489075,0.6542801856994629,0.5516597032546997,0.5373774766921997,0.49999961256980896,0.4999995529651642,0.312533974647522,0.21856284141540527,0.1481696367263794,0.09680294990539551,0.022713184356689453,0.0,2.996866770013948e-14,1.0328360939005982e-09,0.0011230477548614458,0.00224609506771517,0.020216570805975602,0.03960961228832876,0.06786591474327622,0.07241492646921671,0.10060852667011597,0.17981955969480157
49,0,2.0000011920928955,2.0,1.9999998807907104,1.999999761581421,1.9654630422592163,1.890625,1.8523324728012085,1.752160906791687,1.577350378036499,1.5268837213516235,1.3648513555526733,1.1733826398849487,1.000000238418579,0.9999997615814209,0.9999991059303284,0.8266170024871826,0.6351484656333923,0.4731172025203705,0.42264965176582336,0.24783846735954285,0.1476680487394333,0.1093747690320015,0.03453665226697922,3.264467522967607e-07,1.5723253454780206e-07,1.4179595098084974e-07,4.734307168519081e-08,4.3261145776796184e-08,2.2065629323719804e-08,2.0469457240324118e-08,0.0,0.015161138851973326,0.02776781681617358,0.05717622025791719,0.07263279507289609,0.09008065749637696,0.1882240550915279,0.29810859881864615,0.40767116420337013,0.48635280909043854,0.7889706179735608
50,0,2.0000007152557373,1.9999998807907104,1.999999761581421,1.999998688697815,1.9999979734420776,1.9792587757110596,1.9148576259613037,1.814189076423645,1.767591953277588,1.7071068286895752,1.5815341472625732,1.5,1.434257984161377,1.4241020679473877,1.2503676414489746,1.0000001192092896,0.9999993443489075,0.6469725370407104,0.5657411813735962,0.5602763891220093,0.545423150062561,0.49999964237213135,0.2928931713104248,0.2347160130739212,0.23240795731544495,0.04830324649810791,1.6163321561180055e-06,1.2985869943804573e-06,2.711141746658541e-07,2.239958121208474e-07,0.0,0.0038496875630424925,0.024526152463779607,0.03808229217410714,0.051053513607754786,0.059874988810598107,0.06991768036064006,0.12083820661560153,0.15161938641965134,0.22785865220876084,0.7646960314169295
51,0,2.0000009536743164,1.9999998807907104,1.9999996423721313,1.9474951028823853,1.8876636028289795,1.870460867881775,1.7071075439453125,1.673634648323059,1.5368406772613525,1.45317804813385,1.3429075479507446,1.0000007152557373,1.0000003576278687,0.9999999403953552,0.9999998807907104,0.6570919156074524,0.5468214154243469,0.46315911412239075,0.32636597752571106,0.2928929924964905,0.12953923642635345,0.11233656853437424,0.05250474810600281,1.1920928955078125e-07,9.524251254333649e-08,7.032403459561465e-08,5.102879185869824e-08,2.2143902711491137e-08,2.06668246960362e-08,1.4556060357051592e-08,9.436893727446763e-14,0.04600838789620456,0.06418969034505613,0.09226851724055621,0.1021499607044545,0.13795555992162362,0.16661811504562327,0.26711907551441416,0.36733206304708366,0.4985599709356599,0.7887050658850585
52,0,2.000000238418579,1.9999998807907104,1.999999761581421,1.999999761581421,1.9999996423721313,1.9999991655349731,1.5000003576278687,1.0000005960464478,1.0000001192092896,0.9999993443489075,0.9999991059303284,0.4999997317790985,4.76837158203125e-07,1.8091668607667089e-07,1.499238351243548e-07,4.112600038297387e-08,2.4268047127407044e-08,2.2329913917928934e-08,1.385378922691416e-08,1.2204915300628727e-08,1.0302793285177358e-08,9.902009878715035e-09,8.89538576132054e-09,2.109982411013789e-09,1.5739821668248055e-09,3.926769357538631e-15,2.2301026483654857e-15,1.135303497462858e-22,4.3361954776894774e-23,3.188680206436033e-30,0.0,0.0,0.05753085362125287,0.11855915778752892,0.17002894046570607,0.2584651143768555,0.3541560001079304,0.4309997313408133,0.7438984943494191,0.944290366076081,1.0000003539458016
53,0,2.000002145767212,2.0000009536743164,2.000000476837158,1.9999995231628418,1.999998927116394,1.9481488466262817,1.8712952136993408,1.8074753284454346,1.77588951587677,1.4999994039535522,1.355364441871643,1.1307921409606934,1.0000005960464478,0.9999994039535522,0.8692075610160828,0.6446351408958435,0.4999997019767761,0.22411003708839417,0.19252415001392365,0.12870429456233978,0.05185087397694588,2.0067436423687468e-07,1.8732225726125762e-07,1.1667613364352292e-07,4.6913555706851184e-08,2.4702110579255532e-08,0.0,0.0,0.0,0.0,0.0,0.027936204334758064,0.08341746765819863,0.09757722744874628,0.11648519354495346,0.12989916127496698,0.15559064497549638,0.21567132571926473,0.36794906939680455,0.7176742753702456,1.0
54,0,2.000000238418579,1.999999761581421,1.9999996423721313,1.9999991655349731,1.9405912160873413,1.809016466140747,1.6966629028320312,1.5000001192092896,1.499999761581421,1.0972849130630493,1.0000003576278687,1.000000238418579,0.6909828186035156,0.6155785322189331,0.49999961256980896,0.4999995529651642,0.14988039433956146,1.8006448954110965e-07,1.1887914297403768e-07,7.685866876272485e-08,2.3432886187002566e-10,2.6772509177045573e-16,0.0,0.0,0.0,-2.6556155786493143e-16,-1.5390716479046773e-10,-2.5269919490256143e-10,-3.610693966038525e-10,-5.840952610469685e-09,0.0011230457944320855,0.04120892580819732,0.08823262924698097,0.1001061210640041,0.15147331089015836,0.2014616840251199,0.2955252633214728,0.5173218087826207,0.6928187697968822,0.9999998769261401,1.0000000494925296
55,0,2.0000007152557373,2.000000476837158,2.0,2.0,2.0,1.9999998807907104,1.9999995231628418,1.9999992847442627,1.9999990463256836,1.903294324874878,1.6588319540023804,1.499999761581421,1.0000004768371582,1.0000003576278687,1.0000003576278687,0.9999997615814209,0.9999997019767761,0.9999995231628418,0.9999988675117493,0.49999967217445374,0.3411684036254883,0.09670627117156982,4.2137162381550297e-07,2.384185791015625e-07,9.394534572493285e-08,6.265728558219053e-08,4.890666716050873e-08,4.141303833193888e-08,2.434444468235597e-08,2.339580440491318e-08,0.0,0.007864544219279837,0.01670826505981611,0.03312040107120526,0.04154609544640086,0.09097853552084526,0.19855386267388525,0.2223010567942713,0.2647784623678191,0.5007606732338408,0.90933217326233
56,0,2.0000009536743164,2.0000007152557373,2.000000238418579,2.0,1.999998927116394,1.9999983310699463,1.9999974966049194,1.7071067094802856,1.5477226972579956,1.0000003576278687,1.000000238418579,1.0000001192092896,1.0000001192092896,1.0000001192092896,0.9999992251396179,0.4522780179977417,0.29289305210113525,4.76837158203125e-07,2.3272342275504343e-07,1.2990621200970054e-07,7.186396544511808e-08,4.460817137896811e-08,2.436329971791727e-15,9.13176267797731e-16,1.500461404473402e-22,4.6855501026312926e-23,0.0,0.0,0.0,0.0,6.847157715405553e-05,0.008529004922533995,0.02635769421098829,0.06321329190794177,0.07398404648162338,0.10569166148539261,0.15738335216397065,0.25984932661047044,0.4393442774844071,0.9999999404997425,1.0000001923640491
57,0,2.0000009536743164,2.000000476837158,2.000000238418579,2.000000238418579,2.0,1.9999998807907104,1.9999991655349731,1.7675918340682983,1.7071058750152588,1.4342584609985352,1.0,0.9999998211860657,0.9999995231628418,0.999999463558197,0.5657415390014648,0.2928928732872009,0.23240825533866882,3.5762786865234375e-07,2.384185791015625e-07,1.612456657085204e-07,1.0010298012730345e-07,7.836587201381917e-08,3.3929744347460655e-08,3.2050373022229905e-08,2.6219794335702318e-08,2.2139401423260097e-08,1.1156380708143843e-08,1.09370361656147e-08,8.012086993858247e-09,4.4277292943206703e-10,0.044841264733722255,0.055097715879332376,0.08319889020567237,0.1324544681000635,0.19210192711415644,0.23242924111689872,0.3904829303720614,0.4999982379269202,0.6571186797799171,0.8970294469860012,0.9379598450762003
58,0,2.000000238418579,2.0,2.0,1.9999998807907104,1.999999761581421,1.9438246488571167,1.875159740447998,1.687846302986145,1.5115959644317627,1.2398123741149902,1.0000004768371582,1.0000001192092896,0.7237938642501831,0.6182535886764526,0.30150067806243896,0.0982135534286499,8.581341717217583e-07,4.857683961745352e-07,4.76837158203125e-07,3.5762786865234375e-07,3.5762786865234375e-07,7.550750069640344e-08,6.196668067559585e-08,2.980232594040899e-08,2.069428362005965e-08,1.3344664040459975e-08,8.795815631401638e-09,8.827656674089334e-16,2.1427443804396596e-22,4.5907242886582957e-23,0.0,0.0002487375769511757,0.012926415731508554,0.03916205622481462,0.0962502070085327,0.2689609021011537,0.31931711828924403,0.49737787910824,0.5104440451254919,0.8933800261676037,1.0000003471239438
59,0,2.000000476837158,2.000000238418579,2.0,1.999999761581421,1.9999992847442627,1.830407977104187,1.7071059942245483,1.5773489475250244,1.499999761581421,1.2458127737045288,0.9999997615814209,0.7541882991790771,0.49999967217445374,0.42264989018440247,0.29289332032203674,0.16959258913993835,3.5762786865234375e-07,1.5395744412671775e-07,7.969720172695816e-08,5.4347843558844033e-08,1.5262276775729333e-08,4.530994246465525e-09,1.1227543339487056e-09,6.849535316103689e-15,6.168677527606473e-15,9.758768229270465e-16,1.1371337907550177e-16,6.008559236757408e-17,4.103221156763168e-17,0.0,0.0,4.660408343959416e-13,0.0022460919265084246,0.06313867187819228,0.10505903380452777,0.15274632141091182,0.251975981886345,0.44390389701432553,0.6075313169819331,0.987018597181293,1.0
60,0,2.0000011920928955,2.0000007152557373,2.0000007152557373,2.0,2.0,1.9999998807907104,1.9999985694885254,1.771224856376648,1.7071071863174438,1.5773506164550781,1.529349684715271,1.4082480669021606,1.000000238418579,1.0000001192092896,1.0,0.9999997019767761,0.5917516946792603,0.4706495702266693,0.4226498603820801,0.29289332032203674,0.22877483069896698,4.76837158203125e-07,4.76837158203125e-07,3.6117171475780196e-07,3.5762786865234375e-07,1.2927100101478572e-07,4.073955039984867e-08,4.77707828849816e-09,1.3265690768093918e-09,1.6836006330386843e-14,0.0,0.012113328832747535,0.030499459074343375,0.04667566210947277,0.0712226943744852,0.1279551608126639,0.17290458389176624,0.30160683130292687,0.3839949965083423,0.49999828007361896,0.8515632538510405
61,0,2.000002384185791,2.0000009536743164,2.0000007152557373,2.000000476837158,1.9999996423721313,1.9999995231628418,1.999998927116394,1.9999983310699463,1.9999980926513672,1.6123713254928589,1.5,1.3333334922790527,1.0000003576278687,1.0000001192092896,0.9999992847442627,0.6666669249534607,0.5000001192092896,0.3876269459724426,2.6976505296261166e-07,1.809750358461315e-07,1.4138322512735613e-07,6.221500825631665e-08,4.162355082826252e-08,2.355129780085008e-08,1.690500539552886e-08,2.414309656261957e-15,-2.354895800726225e-15,-2.9639821708116187e-09,-1.1506658736948339e-08,-1.420885009650874e-08,0.01164997112785858,0.030397293911833323,0.04523781088424639,0.14362857789637157,0.19689970628341974,0.24183556914971194,0.30322257986014955,0.3460811030178198,0.41097369420277774,0.5656912464149406,0.9999998165153512
62,0,2.000001907348633,2.0,1.9999991655349731,1.999998927116394,1.999998688697815,1.8916919231414795,1.841625452041626,1.5368592739105225,1.0000005960464478,1.0000003576278687,1.0000001192092896,0.9999999403953552,0.9999998807907104,0.9999997615814209,0.9999995231628418,0.4631403386592865,0.15837502479553223,0.10830788314342499,4.76837158203125e-07,7.790161760112824e-08,5.738124997378691e-08,4.812955012312159e-08,1.3321916014774615e-08,5.70750735562342e-09,2.9920734765620754e-16,0.0,0.0,-5.286945786791221e-26,-7.352719261826605e-16,-1.113716763256889e-08,0.01502628578254571,0.0420618838083761,0.08697971116208082,0.09548657808415661,0.12586870280937437,0.25657328968285853,0.3410062313317155,0.3831012506678701,0.6495089098155153,0.999999999488978,1.0000002384185969
63,0,2.000000476837158,2.000000238418579,2.000000238418579,2.0,1.9999995231628418,1.9999994039535522,1.9999990463256836,1.9433342218399048,1.8560295104980469,1.7637633085250854,1.7071071863174438,1.6526590585708618,1.6010040044784546,1.4999996423721313,1.4082491397857666,1.1860305070877075,1.0000008344650269,0.9999998807907104,0.9999994039535522,0.8139688372612,0.5917516946792603,0.49999991059303284,0.3989954888820648,0.34734052419662476,0.29289335012435913,0.2362373173236847,0.14397065341472626,0.0566655769944191,1.488420764417242e-07,1.2953387340530753e-07,0.0,0.005935932725411991,0.013933122056056882,0.02449710031612138,0.028549597433892914,0.04123994925163835,0.06532190874766321,0.07542924391547372,0.11841163287695361,0.1541784216758888,0.5651257668300155
64,0,2.000000476837158,1.9999996423721313,1.9753222465515137,1.9339044094085693,1.8805655241012573,1.838443636894226,1.8296217918395996,1.783804178237915,1.7332195043563843,1.6793997287750244,1.5441168546676636,1.4149855375289917,1.3437341451644897,1.2440637350082397,1.0653305053710938,1.0,0.9999996423721313,0.8227336406707764,0.7585673332214355,0.7247364521026611,0.6205078363418579,0.5008172988891602,0.34170806407928467,0.30870938301086426,0.2029707431793213,0.1852630376815796,0.12637805938720703,0.1081470251083374,0.03294718265533447,3.5603216019808315e-07,0.0,3.3422703370762736e-05,0.001440639933225452,0.04007596246636913,0.0749513506079735,0.08363131325180398,0.09662229572432651,0.09994357499380126,0.11311565664632417,0.13964410713265776,0.19523251687280208
65,0,2.0000011920928955,2.0000007152557373,2.0,1.9999998807907104,1.9999996423721313,1.9999995231628418,1.999997854232788,1.9349616765975952,1.8495588302612305,1.5553061962127686,1.500000238418579,1.3653241395950317,1.237221360206604,1.0000001192092896,0.9999998807907104,0.9999996423721313,0.5579959154129028,0.5000001192092896,0.37129274010658264,0.12833724915981293,4.76837158203125e-07,2.7036426786253287e-07,1.7391880646755453e-07,1.0867624666843767e-07,4.503941397615563e-08,3.689905625492429e-08,2.7677732106212716e-08,2.036863122611976e-08,1.0572412278975207e-08,3.076273458191281e-09,1.2044917892284464e-13,0.06541842122695023,0.10184784992669102,0.10598754366519723,0.12178186185856221,0.1936646228368641,0.25002153220023426,0.28878247276076635,0.4844752979679804,0.6976382449960852,0.9284348341767074
66,0,2.0000009536743164,1.9999998807907104,1.9999994039535522,1.9999991655349731,1.9999990463256836,1.9341723918914795,1.9282671213150024,1.9128707647323608,1.742867350578308,1.7071068286895752,1.5031238794326782,1.4714044332504272,1.35682213306427,1.0000005960464478,1.0000001192092896,0.9999997615814209,0.999999463558197,0.9999994039535522,0.9999993443489075,0.9999991655349731,0.9999991655349731,0.64317786693573,0.5285952687263489,0.49687570333480835,0.2928933799266815,0.25713321566581726,0.087129145860672,0.07173243165016174,0.06582771241664886,4.76837158203125e-07,0.0,8.323399544992066e-15,9.364993976764306e-13,2.0430619431477024e-05,0.015995883442583243,0.03342391096924183,0.047719859250281944,0.0617871267880053,0.08252086747612056,0.14637695272360263,0.4999975997362823
67,0,2.000000476837158,2.0,1.9999998807907104,1.9999998807907104,1.9999988079071045,1.999997854232788,1.7637627124786377,1.4999991655349731,1.0000004768371582,1.0000004768371582,1.0000004768371582,1.000000238418579,1.000000238418579,1.0000001192092896,0.999998927116394,0.49999967217445374,0.23623812198638916,9.5367431640625e-07,4.76837158203125e-07,2.0543939172057435e-07,1.0064650268759578e-07,4.753283633363026e-08,3.4195181797258556e-08,2.074560967457728e-08,1.549040717918615e-08,6.141686270666469e-09,1.989058670917067e-15,1.4584536217135684e-16,6.956461345430934e-23,0.0,0.0,0.02399562571961162,0.04777045974914812,0.06991940962437432,0.08348073313386882,0.1354423708154519,0.21526140105491576,0.36808476357281195,0.46914094095917414,0.8843110894682217,1.0
68,0,2.0000016689300537,2.0000009536743164,2.0000007152557373,2.000000238418579,2.0,1.9999994039535522,1.9999980926513672,1.9348986148834229,1.8360341787338257,1.5401105880737305,1.2279374599456787,0.9999997615814209,0.9999995827674866,0.9999990463256836,0.7720620632171631,0.45988932251930237,0.16396506130695343,0.06510042399168015,4.76837158203125e-07,3.83985934604425e-07,3.5762786865234375e-07,1.2893087841803208e-07,4.308185452828184e-08,3.894362876621926e-08,3.108281632080434e-08,0.0,0.0,0.0,0.0,-6.280995862306682e-11,0.015063401382568816,0.0330477194937235,0.0529239754970383,0.06400992687682479,0.13065770068448565,0.22324659837319444,0.34345420210651745,0.4422751868088907,0.49999821263890104,0.8514703565771002,1.0
69,0,2.0000007152557373,2.000000476837158,2.000000476837158,2.000000238418579,2.000000238418579,2.0,1.9999998807907104,1.847635269165039,1.5561412572860718,1.0000009536743164,1.0000008344650269,1.0000004768371582,0.9999999403953552,0.9999995231628418,0.443859338760376,0.15236496925354004,1.0624862625263631e-06,6.193808985699434e-07,5.194556251808535e-07,2.384185791015625e-07,1.7469105273448804e-07,1.6643525668769144e-07,1.6130434232763946e-07,1.1920928955078125e-07,1.114824499381939e-07,3.032070594599645e-08,1.7840845245586934e-08,5.0303192722367385e-09,4.016085686231463e-09,4.608129754210923e-16,3.552709443638289e-15,0.08470490058089979,0.1333991148242307,0.21373588524895376,0.2500223984770128,0.35317759409883964,0.48572780205860594,0.4943121239853028,0.634592990054702,0.8683555182535045,0.9999977274027259
70,0,2.000000476837158,1.9999998807907104,1.985591173171997,1.96769118309021,1.9279838800430298,1.9012693166732788,1.8373923301696777,1.7583929300308228,1.6541481018066406,1.627044916152954,1.5444257259368896,1.4207966327667236,1.383004069328308,1.2847654819488525,1.2173755168914795,1.1079699993133545,0.8933707475662231,0.7559350728988647,0.7437953948974609,0.6170117855072021,0.5815422534942627,0.4554404020309448,0.37232744693756104,0.33901846408843994,0.22508764266967773,0.17757320404052734,0.10588514804840088,0.07297766208648682,0.04218423366546631,3.3927312870218884e-07,0.0,0.0007422055984512211,0.01059393105298748,0.04598079815557522,0.057237460058258666,0.07255698689924953,0.08798741340680512,0.09989336672864904,0.1179462850894192,0.16552515194241035,0.19512256001504952
71,0,2.0,2.0,2.0,2.0,1.9999998807907104,1.9999998807907104,1.9999992847442627,1.577350378036499,1.0000004768371582,0.9999995231628418,0.4226498603820801,7.152557373046875e-07,3.5762786865234375e-07,3.5762786865234375e-07,2.384185791015625e-07,2.384185791015625e-07,2.384185791015625e-07,1.0238309045007554e-07,7.210264385548726e-08,1.7444396149812746e-08,1.1476609884653044e-08,7.1644219445943236e-09,3.3442382196824383e-09,1.9497536918322567e-09,1.9312844656838024e-09,3.532663328531527e-10,1.4494390735724145e-15,1.0980579374366903e-15,0.0,0.0,0.0,0.09232166054688903,0.14631287173624036,0.17032733995496072,0.37682235371722217,0.48469366093935007,0.49999828007361896,0.4999988761184138,0.8231259134255229,0.9672009311535636,1.0000002009733522
72,0,2.000000476837158,2.0,1.9999994039535522,1.9724352359771729,1.9260616302490234,1.8559528589248657,1.7257606983184814,1.6203944683074951,1.5372272729873657,1.000000238418579,1.000000238418579,1.0000001192092896,1.0,0.9999999403953552,0.9999999403953552,0.9999998211860657,0.9999996423721313,0.46277186274528503,0.379604697227478,0.2742389142513275,0.14404700696468353,0.07393809407949448,0.027563894167542458,8.690710728842532e-07,2.384185791015625e-07,1.1920928955078125e-07,1.1920928955078125e-07,5.5261025977415557e-08,4.57078641602493e-08,3.059347264411372e-08,0.0,0.03786297869129507,0.05725729529911689,0.06923307232605941,0.07905164852863644,0.10457791864180056,0.18187970416955168,0.24791998818485003,0.45113817989217586,0.6734552471155297,0.8960120416104687
73,0,2.000002384185791,2.000002384185791,2.0000009536743164,2.000000238418579,2.0,1.9999994039535522,1.9999992847442627,1.9999992847442627,1.8660246133804321,1.4999998807907104,1.4999995231628418,1.0000004768371582,0.9999998807907104,0.9999995231628418,0.9999991655349731,0.4999997615814209,0.4999997019767761,0.13397464156150818,3.5762786865234375e-07,2.9297916626092046e-07,1.8771697796182707e-07,1.3585668057203293e-07,5.3300450275628464e-08,4.4310581870377064e-08,3.943666371242216e-08,2.8898758941409142e-08,2.483507621775516e-08,1.429998519597575e-08,8.863302980444132e-09,7.37987831448913e-16,0.0,0.10972953833522761,0.12688642970226566,0.14124912452397656,0.19519952315209066,0.23270626159060892,0.27912914842723063,0.3842370946706339,0.47661971870614683,0.6861348684716269,0.9866683943207025
74,0,2.0000016689300537,2.0,1.9655286073684692,1.943537712097168,1.9367274045944214,1.8409836292266846,1.8374438285827637,1.750290870666504,1.6210027933120728,1.5949997901916504,1.513593316078186,1.3801054954528809,1.3661091327667236,1.3260546922683716,1.2770229578018188,1.0000001192092896,0.9999998211860657,0.9303743839263916,0.6739448308944702,0.6338909864425659,0.5043882131576538,0.4864063262939453,0.4083159565925598,0.35078030824661255,0.24970945715904236,0.16255638003349304,0.13107159733772278,0.06327176839113235,0.05188588798046112,1.5264595276676118e-07,0.0,0.0009081999418900731,0.01729204775515859,0.022667475863684818,0.03435630760696716,0.04349027429596259,0.05561263588397618,0.061975548683611464,0.08815550419129034,0.09900525892841906,0.7708398431590502
75,0,2.0000007152557373,2.000000476837158,2.000000238418579,1.9999998807907104,1.9999995231628418,1.8476351499557495,1.8259302377700806,1.5561407804489136,1.53584885597229,1.376584768295288,1.0000005960464478,0.9999998807907104,0.6234148144721985,0.4641511142253876,0.4438589811325073,0.1740695834159851,0.15236502885818481,9.309314918937162e-08,1.6564440485922205e-08,1.1962901780293578e-08,8.349036129118304e-09,3.969808372138043e-15,1.4913942036366961e-15,1.4514297068775805e-15,1.2366723381560148e-15,6.216320272153331e-16,3.6627586806364867e-22,1.731289047317036e-22,9.861333081646752e-23,1.99327715666675e-29,0.0,0.004457599988351085,0.04531416665193554,0.0711395770018358,0.08895016816247578,0.11156953792768316,0.15628606065067813,0.20444407335679843,0.45187384770013916,0.941858138604155,0.9999999105997878
76,0,1.9999998807907104,1.9999996423721313,1.98335862159729,1.943909764289856,1.8756961822509766,1.7943801879882812,1.7071068286895752,1.6416282653808594,1.51541268825531,1.340110421180725,1.3027244806289673,0.9999996423721313,0.8828171491622925,0.7593978643417358,0.6910988092422485,0.5393552780151367,0.43999314308166504,0.29289329051971436,0.17210769653320312,0.09045243263244629,0.027558207511901855,1.3848284652340226e-06,4.3188765630475245e-07,7.82919613584454e-08,5.3305097225120335e-08,2.232539841884318e-08,1.3446989299836787e-08,1.2980927076465211e-23,0.0,-1.3580517359810824e-15,0.0007472415201158649,0.03265472014883081,0.08889258633300816,0.09703756147531528,0.11922540134117961,0.13665893147050984,0.19105787458657836,0.3129606005669177,0.45770227688506815,0.6932153197473222,1.0
77,0,2.0000007152557373,2.000000238418579,2.0,1.9999998807907104,1.999999761581421,1.9999996423721313,1.9999994039535522,1.8660242557525635,1.5,1.0000003576278687,1.000000238418579,1.0000001192092896,0.9999999403953552,0.9999986886978149,0.5000002384185791,0.13397438824176788,7.152557373046875e-07,4.76837158203125e-07,4.76837158203125e-07,1.1653153109136838e-07,1.0607072908896953e-07,9.418636182090268e-08,2.534255649777606e-08,2.011859123740578e-08,2.200220384777538e-15,1.6965570184064756e-15,1.6966134987139066e-22,0.0,0.0,0.0,1.1546787943450644e-14,0.09624081709157872,0.12503338692309052,0.12531876342063472,0.16895585369596122,0.25002146365523314,0.43915021993143427,0.4999970458399576,0.7416923946648644,0.9864457277351018,1.0
78,0,2.000001907348633,2.0000011920928955,2.0000009536743164,2.000000476837158,1.999999761581421,1.9999995231628418,1.9999994039535522,1.937591552734375,1.8446441888809204,1.7111650705337524,1.5773497819900513,1.4081308841705322,1.000000238418579,0.9999997615814209,0.9999997019767761,0.9999991655349731,0.72550368309021,0.4226497411727905,0.22432392835617065,0.14863905310630798,2.384185791015625e-07,2.384185791015625e-07,1.890516330149694e-07,1.5028106759018556e-07,1.378442391342105e-07,1.1580940650901539e-07,8.359367598131939e-08,6.70709709993389e-08,1.4618159127621766e-08,6.263519480853574e-09,0.06572266749815232,0.0884468518191788,0.10050566254263793,0.12323969366241341,0.16130444271720118,0.18243778187049536,0.20731436016183485,0.3256791255549339,0.4058962352501304,0.5998512928681667,0.9144770819633247
79,0,2.0000007152557373,2.000000238418579,2.0,2.0,2.0,2.0,2.0,1.9120274782180786,1.866025686264038,1.6861329078674316,1.5,1.3766579627990723,0.9999999403953552,0.9999998211860657,0.6233420372009277,0.49999967217445374,0.31386661529541016,0.13397450745105743,0.08797235786914825,3.5762786865234375e-07,3.5762786865234375e-07,3.5762786865234375e-07,3.5762786865234375e-07,1.5513887774432078e-07,8.282002994519644e-08,7.348180020017026e-08,3.421427408056843e-08,2.7334863261785358e-08,2.5994580710175796e-08,1.3317148273017665e-08,0.0,0.0,8.667497037106029e-14,0.05249172790981124,0.07462291236993464,0.12839710595869563,0.390101325876178,0.465126503698049,0.49999828007361896,0.5706756893173106,0.857106089095332
80,0,2.000000238418579,2.000000238418579,1.9999998807907104,1.999999761581421,1.999999761581421,1.9999992847442627,1.999998688697815,1.9009687900543213,1.6234893798828125,1.577349305152893,1.5,1.2225210666656494,1.0000004768371582,1.0,0.7774791121482849,0.4999997913837433,0.4226498007774353,0.37651002407073975,0.09903097152709961,2.43451268033823e-07,2.2120912035461515e-07,1.315139286361955e-07,1.0176849229992513e-07,1.016228665662311e-07,4.0819141844394835e-08,3.481211763300962e-08,3.414659488498728e-08,1.7480772385169985e-08,4.487097374446801e-22,0.0,4.886295308410832e-14,0.024830485056381496,0.06351375627387981,0.09799052371364933,0.11481702498519816,0.18074681277239665,0.23319468138531455,0.27798907636376424,0.4847089344774612,0.7910031136279687,1.0
81,0,2.0000011920928955,2.000000476837158,1.9448446035385132,1.9238780736923218,1.8913568258285522,1.735625982284546,1.6516187191009521,1.6511765718460083,1.3826833963394165,1.1757193803787231,1.0000003576278687,1.000000238418579,1.0,0.8242805600166321,0.6173165440559387,0.5448722839355469,0.34838148951530457,0.123482346534729,0.10864361375570297,0.0761205330491066,2.384185791015625e-07,2.2564381652045995e-07,1.876810244993976e-07,1.70290149981156e-07,2.6088855520356447e-08,2.3677959148926675e-08,2.041616653514211e-08,2.0068672057504955e-08,1.640175995021309e-08,9.017507629494048e-09,0.0,3.086249318134862e-12,0.09357886763111808,0.1043620635041145,0.1186007531240376,0.1424153125874561,0.21278095964511112,0.26289529774621245,0.5592447250459741,0.6848962866775328,0.8208834345259772
82,0,2.000000476837158,1.999999761581421,1.9999995231628418,1.999998927116394,1.9321798086166382,1.7744373083114624,1.7675925493240356,1.7071057558059692,1.5132919549942017,1.4342585802078247,1.318039894104004,1.000000238418579,1.0,0.9999999403953552,0.9999992251396179,0.6819594502449036,0.5657419562339783,0.4867069721221924,0.2928931713104248,0.23240825533866882,0.22556206583976746,0.06781937927007675,1.4023771655047312e-07,8.570441423216835e-08,5.393073365667078e-08,2.9766852094326168e-08,3.6652947343895903e-09,6.75391715481994e-15,3.9862789277974025e-15,5.686801330946449e-16,0.03394538098102236,0.04832313819833757,0.06991923751621425,0.08580927840307029,0.10740394694312923,0.11855609289539085,0.16789613948268325,0.21689099228321632,0.32228567646006884,0.6154789216093269,0.9999999886293743
83,0,1.9999985694885254,1.9902875423431396,1.9761568307876587,1.9468910694122314,1.8842787742614746,1.8376848697662354,1.7210724353790283,1.6722352504730225,1.6255086660385132,1.489777684211731,1.469230055809021,1.410659670829773,1.2769159078598022,1.0000004768371582,1.0,0.9999999403953552,0.9999992847442627,0.7055628895759583,0.6165167093276978,0.5425776839256287,0.49196863174438477,0.3737070560455322,0.3269135355949402,0.279199481010437,0.14175496995449066,0.11635962873697281,0.08585761487483978,0.018882285803556442,1.2385393688418844e-07,5.6964175598750444e-08,0.0,0.022273176292360558,0.031009933502846344,0.040141570943431584,0.04595057293400821,0.05571281992843356,0.06962408017335067,0.09259075571315001,0.10174730659041592,0.14030644926886446,0.697978901742517
84,0,2.000000476837158,1.9999990463256836,1.9999988079071045,1.9697706699371338,1.9103949069976807,1.8341180086135864,1.809016466140747,1.6992056369781494,1.5205333232879639,1.3090165853500366,1.0000009536743164,1.0000001192092896,0.9999999403953552,0.9999998211860657,0.9999997615814209,0.9999997615814209,0.9999995827674866,0.9999991059303284,0.690982460975647,0.43030044436454773,0.31705835461616516,0.2461351454257965,0.19098281860351562,0.07248087227344513,2.384185791015625e-07,2.384185791015625e-07,1.991539306800405e-07,1.0186488452745834e-07,6.424215825973079e-08,2.999254533619933e-08,0.0,0.02044604695648462,0.026453529068679482,0.062224162325177614,0.08303728674140282,0.09915257906537286,0.1342234434083949,0.15119345502273684,0.35477446115603617,0.43767744279085646,0.7964882154396706
85,0,2.0,2.0,2.0,1.9999998807907104,1.9999996423721313,1.9519816637039185,1.8342249393463135,1.6382161378860474,1.3343939781188965,1.2129031419754028,1.0000005960464478,1.0000004768371582,1.0000001192092896,0.7870973348617554,0.6656057834625244,0.3617839813232422,0.16577506065368652,0.048018574714660645,7.188273229985498e-07,3.5762786865234375e-07,1.9787125893344637e-07,1.1920928955078125e-07,4.271863218718863e-08,1.556975348648848e-08,7.1762400466468534e-09,2.824837253001533e-09,0.0,0.0,0.0,0.0,0.0,0.00030665443009399184,0.07058225429980387,0.12286508233996546,0.12949089553485377,0.16394943880922,0.22387726980264233,0.44926068553133436,0.6729503373287709,0.8869842089648985,1.0
86,0,2.0000011920928955,2.000000238418579,2.0,2.0,2.0,1.9999994039535522,1.8515456914901733,1.707106590270996,1.7071059942245483,1.4376490116119385,1.408247947692871,1.0000007152557373,1.0000003576278687,1.0000003576278687,0.9999998807907104,0.9999991655349731,0.5917513966560364,0.5623517036437988,0.2928931713104248,0.29289305210113525,0.14845514297485352,4.76837158203125e-07,3.5762786865234375e-07,2.8311569622019306e-07,1.6921421774895862e-07,1.0711648457117917e-07,9.47397893469315e-08,6.800019747288388e-08,5.745223674580302e-08,5.504352884599939e-08,0.0,3.26044186410373e-12,0.05364618883121906,0.09554477179730526,0.1119631773834833,0.1415873337277794,0.16131148051163863,0.19748966549437377,0.3488620946443771,0.5890926747786649,0.8855225816990278
87,0,2.0000007152557373,2.000000476837158,2.0,2.0,1.9999992847442627,1.9999991655349731,1.9999988079071045,1.9999983310699463,1.7712253332138062,1.577350378036499,1.5293502807617188,1.500000238418579,1.0000008344650269,1.0000008344650269,0.9999998211860657,0.49999985098838806,0.4706494212150574,0.42264994978904724,0.22877492010593414,1.5406804720896616e-07,1.1920928955078125e-07,7.470127627584588e-08,4.610366488577711e-08,2.7117593504044635e-08,1.7599679935642598e-08,3.337758514021516e-09,1.0185347574034886e-14,4.999616603379938e-17,1.681269712345251e-22,-3.0948683615861228e-09,0.01112714058106027,0.02891708341178962,0.06959029010871874,0.07712685229587883,0.08999421583378406,0.15037829333458722,0.1850283248727158,0.30750867363359224,0.5286884170049382,0.8337190133933275,1.0000003181937527
88,0,2.0000007152557373,2.000000476837158,1.9999998807907104,1.9999992847442627,1.9320982694625854,1.8880738019943237,1.835425853729248,1.638397455215454,1.5773500204086304,1.499999761581421,1.4597008228302002,1.3431577682495117,1.0000001192092896,1.0000001192092896,0.9999993443489075,0.5600419044494629,0.5402994155883789,0.49999967217445374,0.4553273916244507,0.4226503372192383,0.235551118850708,0.11192619800567627,8.733866252441658e-07,4.789455942955101e-07,6.111879713444068e-08,3.541224913305996e-08,5.270241132393494e-09,5.290178682790215e-16,0.0,0.0,0.0,0.0011230475843140588,0.01353892452570034,0.07879187144415663,0.10384857396122123,0.12131282837911463,0.13478716807263477,0.21178226971471148,0.2821197135373615,0.49210046635344323,1.0
89,0,2.0,2.0,1.999999761581421,1.9756953716278076,1.9315094947814941,1.9238795042037964,1.8735188245773315,1.805433988571167,1.6533482074737549,1.6235688924789429,1.5085740089416504,1.3826837539672852,1.3492546081542969,1.0000001192092896,1.0,0.9999997615814209,0.9999995827674866,0.6507455110549927,0.6173169612884521,0.49142658710479736,0.3764302730560303,0.3466522693634033,0.19456696510314941,0.12648117542266846,0.07612073421478271,0.06849038600921631,0.02430546283721924,4.76837158203125e-07,4.502531965044909e-07,2.384185791015625e-07,0.0,0.04024676655897805,0.06710781941766165,0.09169781823992522,0.09586953942868726,0.10668897074052869,0.13963586459284377,0.1639798621687763,0.1828662007889133,0.2529313113052375,0.5308917740741214
90,0,1.9999998807907104,1.9999994039535522,1.9706264734268188,1.9274892807006836,1.8569353818893433,1.8517049551010132,1.6735416650772095,1.5895544290542603,1.460631251335144,1.1733473539352417,1.0000007152557373,1.0000001192092896,0.9999999403953552,0.9999997615814209,0.8266521096229553,0.5393681526184082,0.4104451537132263,0.32645830512046814,0.14829522371292114,0.14306426048278809,0.07251022756099701,0.029373690485954285,4.76837158203125e-07,1.1913026298771001e-07,4.775179007765473e-08,2.040600577402074e-08,1.4362905531584147e-08,7.867115847659534e-09,0.0,0.0,0.0,0.04862615107922236,0.08296328291151958,0.09433278469188526,0.10902869419007158,0.1240830783727141,0.17553635483370886,0.24926473497358906,0.408302767024473,0.7050325026263872,1.0
91,0,2.000000238418579,2.0,2.0,1.9999998807907104,1.9999998807907104,1.999999761581421,1.888074517250061,1.8214105367660522,1.7071068286895752,1.5153839588165283,1.4596999883651733,1.3049523830413818,0.9999997615814209,0.6950473785400391,0.540299117565155,0.4846152067184448,0.29289311170578003,0.17858919501304626,0.11192636936903,7.152557373046875e-07,4.76837158203125e-07,4.76837158203125e-07,2.5755980459507555e-07,1.3953371080788202e-07,9.949653900775957e-08,6.629993265505618e-08,1.076427125212831e-08,6.043244127340586e-09,4.4428309919908315e-09,4.658276222270746e-16,0.0031942314815215393,0.059714281192544086,0.06852671069928683,0.11227276979933319,0.15980473171150508,0.17327448755947622,0.20829489424775094,0.2689227230196737,0.4590245446105672,0.6974274446765137,0.9949952116753141
92,0,2.000000238418579,2.000000238418579,1.999999761581421,1.9999996423721313,1.9999990463256836,1.9999984502792358,1.9999983310699463,1.8304072618484497,1.7071068286895752,1.5000005960464478,1.4999994039535522,1.4999990463256836,1.2458118200302124,1.0,0.9999993443489075,0.9999993443489075,0.7541876435279846,0.5000001788139343,0.5000000596046448,0.5,0.2928933799266815,0.16959248483181,1.9366507331142202e-07,1.5007364595476247e-07,1.338721631327644e-07,1.0783365667066391e-07,6.190829537899845e-08,4.858033264554251e-08,3.0174057030762924e-08,2.5704066430876082e-08,0.0,0.028583796617953544,0.045493009670709676,0.05781925726343311,0.07735830645053615,0.0982586552032985,0.11950693508718291,0.17851201937346137,0.27799360198794554,0.43303490555823726,0.7169048844467827
93,0,2.0000007152557373,1.9999996423721313,1.9798448085784912,1.9388222694396973,1.9029690027236938,1.8135427236557007,1.7850356101989746,1.6859798431396484,1.5843192338943481,1.5479600429534912,1.4878579378128052,1.406165599822998,1.370029330253601,1.2213575839996338,1.1053483486175537,1.0000004768371582,1.0000004768371582,0.8946514129638672,0.7786421775817871,0.6299703121185303,0.5938341021537781,0.512141227722168,0.45203936100006104,0.41568031907081604,0.3140200972557068,0.21496425569057465,0.18645744025707245,0.09703116863965988,0.061177656054496765,0.020155195146799088,1.0000786959251217e-12,0.004299920681791713,0.031651336691275206,0.03585754846254173,0.04638008907477571,0.05190631690658132,0.05939607434887281,0.07634520257048921,0.09289561214916334,0.1260433828332112,0.16006457357461468
94,0,2.0000009536743164,2.000000238418579,2.0,2.0,1.9999990463256836,1.999998688697815,1.8880738019943237,1.7071058750152588,1.5,1.4597008228302002,1.0,0.9999999403953552,0.5402989983558655,0.4999995231628418,0.29289305210113525,0.11192614585161209,3.5762786865234375e-07,1.20895705890689e-07,6.414245490304893e-08,2.2414317513153037e-08,1.0464139564649577e-22,0.0,0.0,0.0,0.0,-7.188660975160929e-23,-1.516866682076123e-22,-1.6482694700285208e-15,-2.77817404633696e-15,-4.495886136117585e-15,0.016808167519202343,0.03346197969476077,0.040850670331024096,0.059257243225392685,0.08123542181494106,0.1467144030850768,0.28385259766985416,0.49999822106824077,0.9856464558699918,1.0,1.000000125189211
95,0,2.000000476837158,2.000000238418579,2.000000238418579,2.0,1.9999998807907104,1.9999996423721313,1.9336819648742676,1.8326352834701538,1.7637628316879272,1.672916054725647,1.5107756853103638,1.499999761581421,1.3334810733795166,1.0000007152557373,1.0000005960464478,1.000000238418579,0.9999994039535522,0.6950346231460571,0.5740307569503784,0.4999995231628418,0.2755587100982666,0.2362377643585205,0.17188799381256104,1.127364612329984e-06,6.012799076415831e-07,3.101915808656486e-07,1.3642190310747537e-07,1.1744108263656017e-07,6.488610182486809e-08,4.881301407522187e-08,0.0,2.3409034261267423e-13,0.03334687148485657,0.06332456853477647,0.07334642044985727,0.09484449695578129,0.15336920927184744,0.20650472633949965,0.24328504214842855,0.39564559172701924,0.9890645395272523
96,0,2.0,2.0,1.9999998807907104,1.999999761581421,1.9999996423721313,1.9999994039535522,1.9999992847442627,1.9999991655349731,1.999998927116394,1.5000004768371582,1.499999761581421,0.9999990463256836,0.5,0.49999967217445374,4.76837158203125e-07,3.5762786865234375e-07,3.5762786865234375e-07,2.384185791015625e-07,2.384185791015625e-07,1.6328122853792593e-07,4.778576112585142e-08,2.3295289253155715e-08,1.2801836923870269e-08,1.064555910090803e-08,1.4347025002352026e-15,1.1764437428041425e-15,0.0,0.0,0.0,0.0,0.0008837043306197867,0.0022460919265084246,0.14163241715749827,0.1910171774114792,0.2798956900784727,0.3254833344419094,0.3820079289509953,0.4999981957802215,0.5073004167626181,0.9995709160504728,1.0
97,0,2.0000014305114746,2.0000009536743164,2.000000238418579,2.0,2.0,1.9999995231628418,1.9999984502792358,1.9226008653640747,1.7249743938446045,1.7071064710617065,1.6304798126220703,1.5,1.4999992847442627,1.0000004768371582,1.000000238418579,1.0,0.9999998807907104,0.9999998807907104,0.9999998211860657,0.555485188961029,0.4999997019767761,0.49999964237213135,0.29289284348487854,0.166460320353508,4.76837158203125e-07,2.7778480671258876e-07,2.384185791015625e-07,1.5441355571965687e-07,9.503096976004599e-08,8.882199153958936e-08,0.0,4.082999779731649e-09,0.0017968731293652434,0.005513772402794804,0.015263071528660304,0.023133388142841382,0.06841947947419928,0.09891933724624269,0.16972464244807228,0.4405920962198958,0.9990323063774031
98,0,2.0000009536743164,2.0000007152557373,2.000000476837158,1.9999995231628418,1.92284095287323,1.9113954305648804,1.76376211643219,1.7071068286895752,1.5052294731140137,1.5000008344650269,1.1417518854141235,1.0000001192092896,0.9999997615814209,0.9999996423721313,0.7876249551773071,0.5670446157455444,0.5000007152557373,0.2928931713104248,0.23623746633529663,0.16411221027374268,1.6600733943050727e-07,1.21677956599342e-07,8.118676930735091e-08,5.5086079697730383e-08,1.5177647583186626e-08,9.634050890383605e-09,5.769069666428095e-09,3.7604636498285503e-16,-4.245950342334827e-24,-2.5677527982978617e-21,9.06734353216908e-06,0.07102886498684327,0.08790688676238183,0.10208612310062909,0.13529044665675538,0.15013174364556325,0.17576830911019606,0.21559997558042227,0.42425383782633086,0.8892638109719642,0.9999999049594699
99,0,2.0,2.0,1.9999995231628418,1.962188720703125,1.932847499847412,1.7986042499542236,1.7071067094802856,1.6057257652282715,1.4885425567626953,1.3948997259140015,1.2871843576431274,0.9999992251396179,0.7128158211708069,0.6051002740859985,0.5114574432373047,0.3942732810974121,0.2928931415081024,0.2013966590166092,0.06715225428342819,0.03781144693493843,3.5762786865234375e-07,3.5762786865234375e-07,6.808114960676903e-08,6.771700356011934e-08,4.5252619429447805e-08,4.452938640042703e-08,3.708624873866029e-08,0.0,0.0,0.0,0.0,4.404931172065723e-15,0.05470735775660359,0.09173043107112705,0.09926762044748202,0.15157358971329743,0.1736416534836862,0.2731594662250441,0.49999828007361896,0.9992456122504447,1.0
